Channel Number,Receive Frequency,Transmit Frequency,Offset Frequency,Offset Direction,Operating Mode,Name,Show Name,Tone Mode,CTCSS,DCS,User CTCSS,Tx Power,Skip,Step,Clock Shift,Comment
1,438.57500,431.57500,7.00 MHz,Minus,FM,VK5RLX,Large,T Sql,91.5 Hz,023,1500 Hz,High,Select,12.5 kHz,Off,
2,147.22500,147.82500,600 kHz,Plus,FM,VK5RDW,Large,T Sql,91.5 Hz,023,1500 Hz,High,Select,12.5 kHz,Off,
3,147.32500,147.92500,600 kHz,Plus,FM,VK5RLD,Large,T Sql,91.5 Hz,023,1500 Hz,High,Select,12.5 kHz,Off,
4,438.40000,431.40000,7.00 MHz,Minus,FM,VK5RPA,Large,T Sql,91.5 Hz,023,1500 Hz,High,Select,12.5 kHz,Off,
5,438.20000,431.20000,7.00 MHz,Minus,FM,VK5RMK,Large,T Sql,91.5 Hz,023,1500 Hz,High,Select,12.5 kHz,Off,
6,146.75000,146.15000,600 kHz,Minus,FM,VK5RWR 2,Large,T Sql,91.5 Hz,023,1500 Hz,High,Select,12.5 kHz,Off,
7,438.75000,431.75000,7.00 MHz,Minus,FM,VK5RWR70,Large,T Sql,91.5 Hz,023,1500 Hz,High,Select,12.5 kHz,Off,
98,146.50000,146.50000, ,Simplex,FM,CALL 2,Large,None,91.5 Hz,023,1500 Hz,High,Select,12.5 kHz,Off,
99,439.00000,439.00000, ,Simplex,FM,CALL 70,Large,None,91.5 Hz,023,1500 Hz,High,Select,12.5 kHz,Off,
100,145.17500,145.17500, ,Simplex,FM,APRS,Large,None,91.5 Hz,023,1500 Hz,High,Off,12.5 kHz,Off,
101,144.92500,145.52500,600 kHz,Plus,FM,0.6Split,Small,Tone,91.5 Hz,023,1500 Hz,High,Off,12.5 kHz,Off,
102,144.93750,145.53750,600 kHz,Plus,FM,0.6Split,Small,Tone,91.5 Hz,023,1500 Hz,High,Off,12.5 kHz,Off,
103,144.95000,145.55000,600 kHz,Plus,FM,0.6Split,Small,Tone,91.5 Hz,023,1500 Hz,High,Off,12.5 kHz,Off,
104,144.96250,145.56250,600 kHz,Plus,FM,0.6Split,Small,Tone,91.5 Hz,023,1500 Hz,High,Off,12.5 kHz,Off,
105,144.97500,145.57500,600 kHz,Plus,FM,0.6Split,Small,Tone,91.5 Hz,023,1500 Hz,High,Off,12.5 kHz,Off,
106,144.98750,145.58750,600 kHz,Plus,FM,0.6Split,Small,Tone,91.5 Hz,023,1500 Hz,High,Off,12.5 kHz,Off,
107,145.00000,145.60000,600 kHz,Plus,FM,0.6Split,Small,Tone,91.5 Hz,023,1500 Hz,High,Off,12.5 kHz,Off,
108,145.01250,145.61250,600 kHz,Plus,FM,0.6Split,Small,Tone,91.5 Hz,023,1500 Hz,High,Off,12.5 kHz,Off,
109,145.02500,145.62500,600 kHz,Plus,FM,0.6Split,Small,Tone,91.5 Hz,023,1500 Hz,High,Off,12.5 kHz,Off,
110,145.03750,145.63750,600 kHz,Plus,FM,0.6Split,Small,Tone,91.5 Hz,023,1500 Hz,High,Off,12.5 kHz,Off,
111,145.05000,145.65000,600 kHz,Plus,FM,0.6Split,Small,Tone,91.5 Hz,023,1500 Hz,High,Off,12.5 kHz,Off,
112,146.62500,146.02500,600 kHz,Minus,FM,0.6Split,Small,Tone,91.5 Hz,023,1500 Hz,High,Off,12.5 kHz,Off,
113,146.63750,146.03750,600 kHz,Minus,FM,0.6Split,Small,Tone,91.5 Hz,023,1500 Hz,High,Off,12.5 kHz,Off,
114,146.65000,146.05000,600 kHz,Minus,FM,0.6Split,Small,Tone,91.5 Hz,023,1500 Hz,High,Off,12.5 kHz,Off,
115,146.66250,146.06250,600 kHz,Minus,FM,0.6Split,Small,Tone,91.5 Hz,023,1500 Hz,High,Off,12.5 kHz,Off,
116,146.67500,146.07500,600 kHz,Minus,FM,0.6Split,Small,Tone,91.5 Hz,023,1500 Hz,High,Off,12.5 kHz,Off,
117,146.68750,146.08750,600 kHz,Minus,FM,0.6Split,Small,Tone,91.5 Hz,023,1500 Hz,High,Off,12.5 kHz,Off,
118,146.70000,146.10000,600 kHz,Minus,FM,0.6Split,Small,Tone,91.5 Hz,023,1500 Hz,High,Off,12.5 kHz,Off,
119,146.71250,146.11250,600 kHz,Minus,FM,0.6Split,Small,Tone,91.5 Hz,023,1500 Hz,High,Off,12.5 kHz,Off,
120,146.72500,146.12500,600 kHz,Minus,FM,0.6Split,Small,Tone,91.5 Hz,023,1500 Hz,High,Off,12.5 kHz,Off,
121,146.73750,146.13750,600 kHz,Minus,FM,0.6Split,Small,Tone,91.5 Hz,023,1500 Hz,High,Off,12.5 kHz,Off,
122,146.75000,146.15000,600 kHz,Minus,FM,0.6Split,Small,Tone,91.5 Hz,023,1500 Hz,High,Off,12.5 kHz,Off,
123,146.76250,146.16250,600 kHz,Minus,FM,0.6Split,Small,Tone,91.5 Hz,023,1500 Hz,High,Off,12.5 kHz,Off,
124,146.77500,146.17500,600 kHz,Minus,FM,0.6Split,Small,Tone,91.5 Hz,023,1500 Hz,High,Off,12.5 kHz,Off,
125,146.78750,146.18750,600 kHz,Minus,FM,0.6Split,Small,Tone,91.5 Hz,023,1500 Hz,High,Off,12.5 kHz,Off,
126,146.80000,146.20000,600 kHz,Minus,FM,0.6Split,Small,Tone,91.5 Hz,023,1500 Hz,High,Off,12.5 kHz,Off,
127,146.81250,146.21250,600 kHz,Minus,FM,0.6Split,Small,Tone,91.5 Hz,023,1500 Hz,High,Off,12.5 kHz,Off,
128,146.82500,146.22500,600 kHz,Minus,FM,0.6Split,Small,Tone,91.5 Hz,023,1500 Hz,High,Off,12.5 kHz,Off,
129,146.83750,146.23750,600 kHz,Minus,FM,0.6Split,Small,Tone,91.5 Hz,023,1500 Hz,High,Off,12.5 kHz,Off,
130,146.85000,146.25000,600 kHz,Minus,FM,0.6Split,Small,Tone,91.5 Hz,023,1500 Hz,High,Off,12.5 kHz,Off,
131,146.86250,146.26250,600 kHz,Minus,FM,0.6Split,Small,Tone,91.5 Hz,023,1500 Hz,High,Off,12.5 kHz,Off,
132,146.87500,146.27500,600 kHz,Minus,FM,0.6Split,Small,Tone,91.5 Hz,023,1500 Hz,High,Off,12.5 kHz,Off,
133,146.88750,146.28750,600 kHz,Minus,FM,0.6Split,Small,Tone,91.5 Hz,023,1500 Hz,High,Off,12.5 kHz,Off,
134,146.90000,146.30000,600 kHz,Minus,FM,0.6Split,Small,Tone,91.5 Hz,023,1500 Hz,High,Off,12.5 kHz,Off,
135,146.91250,146.31250,600 kHz,Minus,FM,0.6Split,Small,Tone,91.5 Hz,023,1500 Hz,High,Off,12.5 kHz,Off,
136,146.92500,146.32500,600 kHz,Minus,FM,0.6Split,Small,Tone,91.5 Hz,023,1500 Hz,High,Off,12.5 kHz,Off,
137,146.93750,146.33750,600 kHz,Minus,FM,0.6Split,Small,Tone,91.5 Hz,023,1500 Hz,High,Off,12.5 kHz,Off,
138,146.95000,146.35000,600 kHz,Minus,FM,0.6Split,Small,Tone,91.5 Hz,023,1500 Hz,High,Off,12.5 kHz,Off,
139,146.96250,146.36250,600 kHz,Minus,FM,0.6Split,Small,Tone,91.5 Hz,023,1500 Hz,High,Off,12.5 kHz,Off,
140,146.97500,146.37500,600 kHz,Minus,FM,0.6Split,Small,Tone,91.5 Hz,023,1500 Hz,High,Off,12.5 kHz,Off,
141,146.98750,146.38750,600 kHz,Minus,FM,0.6Split,Small,Tone,91.5 Hz,023,1500 Hz,High,Off,12.5 kHz,Off,
142,147.00000,146.40000,600 kHz,Minus,FM,0.6Split,Small,Tone,91.5 Hz,023,1500 Hz,High,Off,12.5 kHz,Off,
143,147.01250,145.41250,1.60 MHz,Minus,FM,1.6Split,Small,Tone,91.5 Hz,023,1500 Hz,High,Off,12.5 kHz,Off,
144,147.01250,147.61250,600 kHz,Plus,FM,0.6Split,Small,Tone,91.5 Hz,023,1500 Hz,High,Off,12.5 kHz,Off,
145,147.02500,145.42500,1.60 MHz,Minus,FM,1.6Split,Small,Tone,91.5 Hz,023,1500 Hz,High,Off,12.5 kHz,Off,
146,147.02500,147.62500,600 kHz,Plus,FM,0.6Split,Small,Tone,91.5 Hz,023,1500 Hz,High,Off,12.5 kHz,Off,
147,147.03750,145.43750,1.60 MHz,Minus,FM,1.6Split,Small,Tone,91.5 Hz,023,1500 Hz,High,Off,12.5 kHz,Off,
148,147.03750,147.63750,600 kHz,Plus,FM,0.6Split,Small,Tone,91.5 Hz,023,1500 Hz,High,Off,12.5 kHz,Off,
149,147.05000,145.45000,1.60 MHz,Minus,FM,1.6Split,Small,Tone,91.5 Hz,023,1500 Hz,High,Off,12.5 kHz,Off,
150,147.05000,147.65000,600 kHz,Plus,FM,0.6Split,Small,Tone,91.5 Hz,023,1500 Hz,High,Off,12.5 kHz,Off,
151,147.06250,145.46250,1.60 MHz,Minus,FM,1.6Split,Small,Tone,91.5 Hz,023,1500 Hz,High,Off,12.5 kHz,Off,
152,147.06250,147.66250,600 kHz,Plus,FM,0.6Split,Small,Tone,91.5 Hz,023,1500 Hz,High,Off,12.5 kHz,Off,
153,147.07500,145.47500,1.60 MHz,Minus,FM,1.6Split,Small,Tone,91.5 Hz,023,1500 Hz,High,Off,12.5 kHz,Off,
154,147.07500,147.67500,600 kHz,Plus,FM,0.6Split,Small,Tone,91.5 Hz,023,1500 Hz,High,Off,12.5 kHz,Off,
155,147.08750,145.48750,1.60 MHz,Minus,FM,1.6Split,Small,Tone,91.5 Hz,023,1500 Hz,High,Off,12.5 kHz,Off,
156,147.08750,147.68750,600 kHz,Plus,FM,0.6Split,Small,Tone,91.5 Hz,023,1500 Hz,High,Off,12.5 kHz,Off,
157,147.10000,145.50000,1.60 MHz,Minus,FM,1.6Split,Small,Tone,91.5 Hz,023,1500 Hz,High,Off,12.5 kHz,Off,
158,147.10000,147.70000,600 kHz,Plus,FM,0.6Split,Small,Tone,91.5 Hz,023,1500 Hz,High,Off,12.5 kHz,Off,
159,147.11250,145.51250,1.60 MHz,Minus,FM,1.6Split,Small,Tone,91.5 Hz,023,1500 Hz,High,Off,12.5 kHz,Off,
160,147.11250,147.71250,600 kHz,Plus,FM,0.6Split,Small,Tone,91.5 Hz,023,1500 Hz,High,Off,12.5 kHz,Off,
161,147.12500,145.52500,1.60 MHz,Minus,FM,1.6Split,Small,Tone,91.5 Hz,023,1500 Hz,High,Off,12.5 kHz,Off,
162,147.12500,147.72500,600 kHz,Plus,FM,0.6Split,Small,Tone,91.5 Hz,023,1500 Hz,High,Off,12.5 kHz,Off,
163,147.13750,145.53750,1.60 MHz,Minus,FM,1.6Split,Small,Tone,91.5 Hz,023,1500 Hz,High,Off,12.5 kHz,Off,
164,147.13750,147.73750,600 kHz,Plus,FM,0.6Split,Small,Tone,91.5 Hz,023,1500 Hz,High,Off,12.5 kHz,Off,
165,147.15000,145.55000,1.60 MHz,Minus,FM,1.6Split,Small,Tone,91.5 Hz,023,1500 Hz,High,Off,12.5 kHz,Off,
166,147.15000,147.75000,600 kHz,Plus,FM,0.6Split,Small,Tone,91.5 Hz,023,1500 Hz,High,Off,12.5 kHz,Off,
167,147.16250,145.56250,1.60 MHz,Minus,FM,1.6Split,Small,Tone,91.5 Hz,023,1500 Hz,High,Off,12.5 kHz,Off,
168,147.16250,147.76250,600 kHz,Plus,FM,0.6Split,Small,Tone,91.5 Hz,023,1500 Hz,High,Off,12.5 kHz,Off,
169,147.17500,145.57500,1.60 MHz,Minus,FM,1.6Split,Small,Tone,91.5 Hz,023,1500 Hz,High,Off,12.5 kHz,Off,
170,147.17500,147.77500,600 kHz,Plus,FM,0.6Split,Small,Tone,91.5 Hz,023,1500 Hz,High,Off,12.5 kHz,Off,
171,147.18750,145.58750,1.60 MHz,Minus,FM,1.6Split,Small,Tone,91.5 Hz,023,1500 Hz,High,Off,12.5 kHz,Off,
172,147.18750,147.78750,600 kHz,Plus,FM,0.6Split,Small,Tone,91.5 Hz,023,1500 Hz,High,Off,12.5 kHz,Off,
173,147.20000,145.60000,1.60 MHz,Minus,FM,1.6Split,Small,Tone,91.5 Hz,023,1500 Hz,High,Off,12.5 kHz,Off,
174,147.20000,147.80000,600 kHz,Plus,FM,0.6Split,Small,Tone,91.5 Hz,023,1500 Hz,High,Off,12.5 kHz,Off,
175,147.21250,145.61250,1.60 MHz,Minus,FM,1.6Split,Small,Tone,91.5 Hz,023,1500 Hz,High,Off,12.5 kHz,Off,
176,147.21250,147.81250,600 kHz,Plus,FM,0.6Split,Small,Tone,91.5 Hz,023,1500 Hz,High,Off,12.5 kHz,Off,
177,147.22500,145.62500,1.60 MHz,Minus,FM,1.6Split,Small,Tone,91.5 Hz,023,1500 Hz,High,Off,12.5 kHz,Off,
178,147.22500,147.82500,600 kHz,Plus,FM,0.6Split,Small,Tone,91.5 Hz,023,1500 Hz,High,Off,12.5 kHz,Off,
179,147.23750,145.63750,1.60 MHz,Minus,FM,1.6Split,Small,Tone,91.5 Hz,023,1500 Hz,High,Off,12.5 kHz,Off,
180,147.23750,147.83750,600 kHz,Plus,FM,0.6Split,Small,Tone,91.5 Hz,023,1500 Hz,High,Off,12.5 kHz,Off,
181,147.25000,145.65000,1.60 MHz,Minus,FM,1.6Split,Small,Tone,91.5 Hz,023,1500 Hz,High,Off,12.5 kHz,Off,
182,147.25000,147.85000,600 kHz,Plus,FM,0.6Split,Small,Tone,91.5 Hz,023,1500 Hz,High,Off,12.5 kHz,Off,
183,147.26250,145.66250,1.60 MHz,Minus,FM,1.6Split,Small,Tone,91.5 Hz,023,1500 Hz,High,Off,12.5 kHz,Off,
184,147.26250,147.86250,600 kHz,Plus,FM,0.6Split,Small,Tone,91.5 Hz,023,1500 Hz,High,Off,12.5 kHz,Off,
185,147.27500,145.67500,1.60 MHz,Minus,FM,1.6Split,Small,Tone,91.5 Hz,023,1500 Hz,High,Off,12.5 kHz,Off,
186,147.27500,147.87500,600 kHz,Plus,FM,0.6Split,Small,Tone,91.5 Hz,023,1500 Hz,High,Off,12.5 kHz,Off,
187,147.28750,145.68750,1.60 MHz,Minus,FM,1.6Split,Small,Tone,91.5 Hz,023,1500 Hz,High,Off,12.5 kHz,Off,
188,147.28750,147.88750,600 kHz,Plus,FM,0.6Split,Small,Tone,91.5 Hz,023,1500 Hz,High,Off,12.5 kHz,Off,
189,147.30000,145.70000,1.60 MHz,Minus,FM,1.6Split,Small,Tone,91.5 Hz,023,1500 Hz,High,Off,12.5 kHz,Off,
190,147.30000,147.90000,600 kHz,Plus,FM,0.6Split,Small,Tone,91.5 Hz,023,1500 Hz,High,Off,12.5 kHz,Off,
191,147.31250,145.71250,1.60 MHz,Minus,FM,1.6Split,Small,Tone,91.5 Hz,023,1500 Hz,High,Off,12.5 kHz,Off,
192,147.31250,147.91250,600 kHz,Plus,FM,0.6Split,Small,Tone,91.5 Hz,023,1500 Hz,High,Off,12.5 kHz,Off,
193,147.32500,145.72500,1.60 MHz,Minus,FM,1.6Split,Small,Tone,91.5 Hz,023,1500 Hz,High,Off,12.5 kHz,Off,
194,147.32500,147.92500,600 kHz,Plus,FM,0.6Split,Small,Tone,91.5 Hz,023,1500 Hz,High,Off,12.5 kHz,Off,
195,147.33750,145.73750,1.60 MHz,Minus,FM,1.6Split,Small,Tone,91.5 Hz,023,1500 Hz,High,Off,12.5 kHz,Off,
196,147.33750,147.93750,600 kHz,Plus,FM,0.6Split,Small,Tone,91.5 Hz,023,1500 Hz,High,Off,12.5 kHz,Off,
197,147.35000,145.75000,1.60 MHz,Minus,FM,1.6Split,Small,Tone,91.5 Hz,023,1500 Hz,High,Off,12.5 kHz,Off,
198,147.35000,147.95000,600 kHz,Plus,FM,0.6Split,Small,Tone,91.5 Hz,023,1500 Hz,High,Off,12.5 kHz,Off,
199,147.36250,145.76250,1.60 MHz,Minus,FM,1.6Split,Small,Tone,91.5 Hz,023,1500 Hz,High,Off,12.5 kHz,Off,
200,147.36250,147.96250,600 kHz,Plus,FM,0.6Split,Small,Tone,91.5 Hz,023,1500 Hz,High,Off,12.5 kHz,Off,
201,147.37500,145.77500,1.60 MHz,Minus,FM,1.6Split,Small,Tone,91.5 Hz,023,1500 Hz,High,Off,12.5 kHz,Off,
202,147.37500,147.97500,600 kHz,Plus,FM,0.6Split,Small,Tone,91.5 Hz,023,1500 Hz,High,Off,12.5 kHz,Off,
203,147.38750,147.98750,600 kHz,Plus,FM,0.6Split,Small,Tone,91.5 Hz,023,1500 Hz,High,Off,12.5 kHz,Off,
204,147.62500,147.02500,600 kHz,Minus,FM,0.6Split,Small,Tone,91.5 Hz,023,1500 Hz,High,Off,12.5 kHz,Off,
205,147.63750,147.03750,600 kHz,Minus,FM,0.6Split,Small,Tone,91.5 Hz,023,1500 Hz,High,Off,12.5 kHz,Off,
206,147.65000,147.05000,600 kHz,Minus,FM,0.6Split,Small,Tone,91.5 Hz,023,1500 Hz,High,Off,12.5 kHz,Off,
207,147.66250,147.06250,600 kHz,Minus,FM,0.6Split,Small,Tone,91.5 Hz,023,1500 Hz,High,Off,12.5 kHz,Off,
208,147.70000,147.10000,600 kHz,Minus,FM,0.6Split,Small,Tone,91.5 Hz,023,1500 Hz,High,Off,12.5 kHz,Off,
209,147.71250,147.11250,600 kHz,Minus,FM,0.6Split,Small,Tone,91.5 Hz,023,1500 Hz,High,Off,12.5 kHz,Off,
210,147.72500,147.12500,600 kHz,Minus,FM,0.6Split,Small,Tone,91.5 Hz,023,1500 Hz,High,Off,12.5 kHz,Off,
211,147.73750,147.13750,600 kHz,Minus,FM,0.6Split,Small,Tone,91.5 Hz,023,1500 Hz,High,Off,12.5 kHz,Off,
212,147.75000,147.15000,600 kHz,Minus,FM,0.6Split,Small,Tone,91.5 Hz,023,1500 Hz,High,Off,12.5 kHz,Off,
213,147.76250,147.16250,600 kHz,Minus,FM,0.6Split,Small,Tone,91.5 Hz,023,1500 Hz,High,Off,12.5 kHz,Off,
214,147.80000,147.20000,600 kHz,Minus,FM,0.6Split,Small,Tone,91.5 Hz,023,1500 Hz,High,Off,12.5 kHz,Off,
215,147.81250,147.21250,600 kHz,Minus,FM,0.6Split,Small,Tone,91.5 Hz,023,1500 Hz,High,Off,12.5 kHz,Off,
216,147.82500,147.22500,600 kHz,Minus,FM,0.6Split,Small,Tone,91.5 Hz,023,1500 Hz,High,Off,12.5 kHz,Off,
217,147.83750,147.23750,600 kHz,Minus,FM,0.6Split,Small,Tone,91.5 Hz,023,1500 Hz,High,Off,12.5 kHz,Off,
218,147.85000,147.25000,600 kHz,Minus,FM,0.6Split,Small,Tone,91.5 Hz,023,1500 Hz,High,Off,12.5 kHz,Off,
219,147.86250,147.26250,600 kHz,Minus,FM,0.6Split,Small,Tone,91.5 Hz,023,1500 Hz,High,Off,12.5 kHz,Off,
220,147.87500,147.27500,600 kHz,Minus,FM,0.6Split,Small,Tone,91.5 Hz,023,1500 Hz,High,Off,12.5 kHz,Off,
221,147.88750,147.28750,600 kHz,Minus,FM,0.6Split,Small,Tone,91.5 Hz,023,1500 Hz,High,Off,12.5 kHz,Off,
222,147.90000,147.30000,600 kHz,Minus,FM,0.6Split,Small,Tone,91.5 Hz,023,1500 Hz,High,Off,12.5 kHz,Off,
223,147.91250,147.31250,600 kHz,Minus,FM,0.6Split,Small,Tone,91.5 Hz,023,1500 Hz,High,Off,12.5 kHz,Off,
224,147.92500,147.32500,600 kHz,Minus,FM,0.6Split,Small,Tone,91.5 Hz,023,1500 Hz,High,Off,12.5 kHz,Off,
225,147.93750,147.33750,600 kHz,Minus,FM,0.6Split,Small,Tone,91.5 Hz,023,1500 Hz,High,Off,12.5 kHz,Off,
226,147.95000,147.35000,600 kHz,Minus,FM,0.6Split,Small,Tone,91.5 Hz,023,1500 Hz,High,Off,12.5 kHz,Off,
227,147.96250,147.36250,600 kHz,Minus,FM,0.6Split,Small,Tone,91.5 Hz,023,1500 Hz,High,Off,12.5 kHz,Off,
228,147.97500,147.37500,600 kHz,Minus,FM,0.6Split,Small,Tone,91.5 Hz,023,1500 Hz,High,Off,12.5 kHz,Off,
229,438.02500,433.02500,5.00 MHz,Minus,FM,5.0Split,Small,Tone,91.5 Hz,023,1500 Hz,High,Off,12.5 kHz,Off,
230,438.02500,432.62500,5.40 MHz,Minus,FM,5,4Split,Small,Tone,91.5 Hz,023,1500 Hz,High,Off,12.5 kHz,Off,
231,438.02500,431.02500,7.00 MHz,Minus,FM,7.0Split,Small,Tone,91.5 Hz,023,1500 Hz,High,Off,12.5 kHz,Off,
232,438.03750,433.03750,5.00 MHz,Minus,FM,5.0Split,Small,Tone,91.5 Hz,023,1500 Hz,High,Off,12.5 kHz,Off,
233,438.03750,432.63750,5.40 MHz,Minus,FM,5,4Split,Small,Tone,91.5 Hz,023,1500 Hz,High,Off,12.5 kHz,Off,
234,438.03750,431.03750,7.00 MHz,Minus,FM,7.0Split,Small,Tone,91.5 Hz,023,1500 Hz,High,Off,12.5 kHz,Off,
235,438.05000,433.05000,5.00 MHz,Minus,FM,5.0Split,Small,Tone,91.5 Hz,023,1500 Hz,High,Off,12.5 kHz,Off,
236,438.05000,432.65000,5.40 MHz,Minus,FM,5,4Split,Small,Tone,91.5 Hz,023,1500 Hz,High,Off,12.5 kHz,Off,
237,438.05000,431.05000,7.00 MHz,Minus,FM,7.0Split,Small,Tone,91.5 Hz,023,1500 Hz,High,Off,12.5 kHz,Off,
238,438.06250,433.06250,5.00 MHz,Minus,FM,5.0Split,Small,Tone,91.5 Hz,023,1500 Hz,High,Off,12.5 kHz,Off,
239,438.06250,432.66250,5.40 MHz,Minus,FM,5,4Split,Small,Tone,91.5 Hz,023,1500 Hz,High,Off,12.5 kHz,Off,
240,438.06250,431.06250,7.00 MHz,Minus,FM,7.0Split,Small,Tone,91.5 Hz,023,1500 Hz,High,Off,12.5 kHz,Off,
241,438.07500,433.07500,5.00 MHz,Minus,FM,5.0Split,Small,Tone,91.5 Hz,023,1500 Hz,High,Off,12.5 kHz,Off,
242,438.07500,432.67500,5.40 MHz,Minus,FM,5,4Split,Small,Tone,91.5 Hz,023,1500 Hz,High,Off,12.5 kHz,Off,
243,438.07500,431.07500,7.00 MHz,Minus,FM,7.0Split,Small,Tone,91.5 Hz,023,1500 Hz,High,Off,12.5 kHz,Off,
244,438.08750,433.08750,5.00 MHz,Minus,FM,5.0Split,Small,Tone,91.5 Hz,023,1500 Hz,High,Off,12.5 kHz,Off,
245,438.08750,432.68750,5.40 MHz,Minus,FM,5,4Split,Small,Tone,91.5 Hz,023,1500 Hz,High,Off,12.5 kHz,Off,
246,438.08750,431.08750,7.00 MHz,Minus,FM,7.0Split,Small,Tone,91.5 Hz,023,1500 Hz,High,Off,12.5 kHz,Off,
247,438.10000,433.10000,5.00 MHz,Minus,FM,5.0Split,Small,Tone,91.5 Hz,023,1500 Hz,High,Off,12.5 kHz,Off,
248,438.10000,432.70000,5.40 MHz,Minus,FM,5,4Split,Small,Tone,91.5 Hz,023,1500 Hz,High,Off,12.5 kHz,Off,
249,438.10000,431.10000,7.00 MHz,Minus,FM,7.0Split,Small,Tone,91.5 Hz,023,1500 Hz,High,Off,12.5 kHz,Off,
250,438.11250,433.11250,5.00 MHz,Minus,FM,5.0Split,Small,Tone,91.5 Hz,023,1500 Hz,High,Off,12.5 kHz,Off,
251,438.11250,432.71250,5.40 MHz,Minus,FM,5,4Split,Small,Tone,91.5 Hz,023,1500 Hz,High,Off,12.5 kHz,Off,
252,438.11250,431.11250,7.00 MHz,Minus,FM,7.0Split,Small,Tone,91.5 Hz,023,1500 Hz,High,Off,12.5 kHz,Off,
253,438.12500,433.12500,5.00 MHz,Minus,FM,5.0Split,Small,Tone,91.5 Hz,023,1500 Hz,High,Off,12.5 kHz,Off,
254,438.12500,432.72500,5.40 MHz,Minus,FM,5,4Split,Small,Tone,91.5 Hz,023,1500 Hz,High,Off,12.5 kHz,Off,
255,438.12500,431.12500,7.00 MHz,Minus,FM,7.0Split,Small,Tone,91.5 Hz,023,1500 Hz,High,Off,12.5 kHz,Off,
256,438.13750,433.13750,5.00 MHz,Minus,FM,5.0Split,Small,Tone,91.5 Hz,023,1500 Hz,High,Off,12.5 kHz,Off,
257,438.13750,432.73750,5.40 MHz,Minus,FM,5,4Split,Small,Tone,91.5 Hz,023,1500 Hz,High,Off,12.5 kHz,Off,
258,438.13750,431.13750,7.00 MHz,Minus,FM,7.0Split,Small,Tone,91.5 Hz,023,1500 Hz,High,Off,12.5 kHz,Off,
259,438.15000,433.15000,5.00 MHz,Minus,FM,5.0Split,Small,Tone,91.5 Hz,023,1500 Hz,High,Off,12.5 kHz,Off,
260,438.15000,432.75000,5.40 MHz,Minus,FM,5,4Split,Small,Tone,91.5 Hz,023,1500 Hz,High,Off,12.5 kHz,Off,
261,438.15000,431.15000,7.00 MHz,Minus,FM,7.0Split,Small,Tone,91.5 Hz,023,1500 Hz,High,Off,12.5 kHz,Off,
262,438.16250,433.16250,5.00 MHz,Minus,FM,5.0Split,Small,Tone,91.5 Hz,023,1500 Hz,High,Off,12.5 kHz,Off,
263,438.16250,432.76250,5.40 MHz,Minus,FM,5,4Split,Small,Tone,91.5 Hz,023,1500 Hz,High,Off,12.5 kHz,Off,
264,438.16250,431.16250,7.00 MHz,Minus,FM,7.0Split,Small,Tone,91.5 Hz,023,1500 Hz,High,Off,12.5 kHz,Off,
265,438.17500,433.17500,5.00 MHz,Minus,FM,5.0Split,Small,Tone,91.5 Hz,023,1500 Hz,High,Off,12.5 kHz,Off,
266,438.17500,432.77500,5.40 MHz,Minus,FM,5,4Split,Small,Tone,91.5 Hz,023,1500 Hz,High,Off,12.5 kHz,Off,
267,438.17500,431.17500,7.00 MHz,Minus,FM,7.0Split,Small,Tone,91.5 Hz,023,1500 Hz,High,Off,12.5 kHz,Off,
268,438.18750,433.18750,5.00 MHz,Minus,FM,5.0Split,Small,Tone,91.5 Hz,023,1500 Hz,High,Off,12.5 kHz,Off,
269,438.18750,432.78750,5.40 MHz,Minus,FM,5,4Split,Small,Tone,91.5 Hz,023,1500 Hz,High,Off,12.5 kHz,Off,
270,438.18750,431.18750,7.00 MHz,Minus,FM,7.0Split,Small,Tone,91.5 Hz,023,1500 Hz,High,Off,12.5 kHz,Off,
271,438.20000,433.20000,5.00 MHz,Minus,FM,5.0Split,Small,Tone,91.5 Hz,023,1500 Hz,High,Off,12.5 kHz,Off,
272,438.20000,432.80000,5.40 MHz,Minus,FM,5,4Split,Small,Tone,91.5 Hz,023,1500 Hz,High,Off,12.5 kHz,Off,
273,438.20000,431.20000,7.00 MHz,Minus,FM,7.0Split,Small,Tone,91.5 Hz,023,1500 Hz,High,Off,12.5 kHz,Off,
274,438.21250,433.21250,5.00 MHz,Minus,FM,5.0Split,Small,Tone,91.5 Hz,023,1500 Hz,High,Off,12.5 kHz,Off,
275,438.21250,432.81250,5.40 MHz,Minus,FM,5,4Split,Small,Tone,91.5 Hz,023,1500 Hz,High,Off,12.5 kHz,Off,
276,438.21250,431.21250,7.00 MHz,Minus,FM,7.0Split,Small,Tone,91.5 Hz,023,1500 Hz,High,Off,12.5 kHz,Off,
277,438.22500,433.22500,5.00 MHz,Minus,FM,5.0Split,Small,Tone,91.5 Hz,023,1500 Hz,High,Off,12.5 kHz,Off,
278,438.22500,432.82500,5.40 MHz,Minus,FM,5,4Split,Small,Tone,91.5 Hz,023,1500 Hz,High,Off,12.5 kHz,Off,
279,438.22500,431.22500,7.00 MHz,Minus,FM,7.0Split,Small,Tone,91.5 Hz,023,1500 Hz,High,Off,12.5 kHz,Off,
280,438.23750,433.23750,5.00 MHz,Minus,FM,5.0Split,Small,Tone,91.5 Hz,023,1500 Hz,High,Off,12.5 kHz,Off,
281,438.23750,432.83750,5.40 MHz,Minus,FM,5,4Split,Small,Tone,91.5 Hz,023,1500 Hz,High,Off,12.5 kHz,Off,
282,438.23750,431.23750,7.00 MHz,Minus,FM,7.0Split,Small,Tone,91.5 Hz,023,1500 Hz,High,Off,12.5 kHz,Off,
283,438.25000,433.25000,5.00 MHz,Minus,FM,5.0Split,Small,Tone,91.5 Hz,023,1500 Hz,High,Off,12.5 kHz,Off,
284,438.25000,432.85000,5.40 MHz,Minus,FM,5,4Split,Small,Tone,91.5 Hz,023,1500 Hz,High,Off,12.5 kHz,Off,
285,438.25000,431.25000,7.00 MHz,Minus,FM,7.0Split,Small,Tone,91.5 Hz,023,1500 Hz,High,Off,12.5 kHz,Off,
286,438.26250,433.26250,5.00 MHz,Minus,FM,5.0Split,Small,Tone,91.5 Hz,023,1500 Hz,High,Off,12.5 kHz,Off,
287,438.26250,432.86250,5.40 MHz,Minus,FM,5,4Split,Small,Tone,91.5 Hz,023,1500 Hz,High,Off,12.5 kHz,Off,
288,438.26250,431.26250,7.00 MHz,Minus,FM,7.0Split,Small,Tone,91.5 Hz,023,1500 Hz,High,Off,12.5 kHz,Off,
289,438.27500,433.27500,5.00 MHz,Minus,FM,5.0Split,Small,Tone,91.5 Hz,023,1500 Hz,High,Off,12.5 kHz,Off,
290,438.27500,432.87500,5.40 MHz,Minus,FM,5,4Split,Small,Tone,91.5 Hz,023,1500 Hz,High,Off,12.5 kHz,Off,
291,438.27500,431.27500,7.00 MHz,Minus,FM,7.0Split,Small,Tone,91.5 Hz,023,1500 Hz,High,Off,12.5 kHz,Off,
292,438.28750,433.28750,5.00 MHz,Minus,FM,5.0Split,Small,Tone,91.5 Hz,023,1500 Hz,High,Off,12.5 kHz,Off,
293,438.28750,432.88750,5.40 MHz,Minus,FM,5,4Split,Small,Tone,91.5 Hz,023,1500 Hz,High,Off,12.5 kHz,Off,
294,438.28750,431.28750,7.00 MHz,Minus,FM,7.0Split,Small,Tone,91.5 Hz,023,1500 Hz,High,Off,12.5 kHz,Off,
295,438.30000,433.30000,5.00 MHz,Minus,FM,5.0Split,Small,Tone,91.5 Hz,023,1500 Hz,High,Off,12.5 kHz,Off,
296,438.30000,432.90000,5.40 MHz,Minus,FM,5,4Split,Small,Tone,91.5 Hz,023,1500 Hz,High,Off,12.5 kHz,Off,
297,438.30000,431.30000,7.00 MHz,Minus,FM,7.0Split,Small,Tone,91.5 Hz,023,1500 Hz,High,Off,12.5 kHz,Off,
298,438.31250,433.31250,5.00 MHz,Minus,FM,5.0Split,Small,Tone,91.5 Hz,023,1500 Hz,High,Off,12.5 kHz,Off,
299,438.31250,432.91250,5.40 MHz,Minus,FM,5,4Split,Small,Tone,91.5 Hz,023,1500 Hz,High,Off,12.5 kHz,Off,
300,438.31250,431.31250,7.00 MHz,Minus,FM,7.0Split,Small,Tone,91.5 Hz,023,1500 Hz,High,Off,12.5 kHz,Off,
301,438.32500,433.32500,5.00 MHz,Minus,FM,5.0Split,Small,Tone,91.5 Hz,023,1500 Hz,High,Off,12.5 kHz,Off,
302,438.32500,432.92500,5.40 MHz,Minus,FM,5,4Split,Small,Tone,91.5 Hz,023,1500 Hz,High,Off,12.5 kHz,Off,
303,438.32500,431.32500,7.00 MHz,Minus,FM,7.0Split,Small,Tone,91.5 Hz,023,1500 Hz,High,Off,12.5 kHz,Off,
304,438.33750,433.33750,5.00 MHz,Minus,FM,5.0Split,Small,Tone,91.5 Hz,023,1500 Hz,High,Off,12.5 kHz,Off,
305,438.33750,432.93750,5.40 MHz,Minus,FM,5,4Split,Small,Tone,91.5 Hz,023,1500 Hz,High,Off,12.5 kHz,Off,
306,438.33750,431.33750,7.00 MHz,Minus,FM,7.0Split,Small,Tone,91.5 Hz,023,1500 Hz,High,Off,12.5 kHz,Off,
307,438.35000,433.35000,5.00 MHz,Minus,FM,5.0Split,Small,Tone,91.5 Hz,023,1500 Hz,High,Off,12.5 kHz,Off,
308,438.35000,432.95000,5.40 MHz,Minus,FM,5,4Split,Small,Tone,91.5 Hz,023,1500 Hz,High,Off,12.5 kHz,Off,
309,438.35000,431.35000,7.00 MHz,Minus,FM,7.0Split,Small,Tone,91.5 Hz,023,1500 Hz,High,Off,12.5 kHz,Off,
310,438.36250,433.36250,5.00 MHz,Minus,FM,5.0Split,Small,Tone,91.5 Hz,023,1500 Hz,High,Off,12.5 kHz,Off,
311,438.36250,432.96250,5.40 MHz,Minus,FM,5,4Split,Small,Tone,91.5 Hz,023,1500 Hz,High,Off,12.5 kHz,Off,
312,438.36250,431.36250,7.00 MHz,Minus,FM,7.0Split,Small,Tone,91.5 Hz,023,1500 Hz,High,Off,12.5 kHz,Off,
313,438.37500,433.37500,5.00 MHz,Minus,FM,5.0Split,Small,Tone,91.5 Hz,023,1500 Hz,High,Off,12.5 kHz,Off,
314,438.37500,432.97500,5.40 MHz,Minus,FM,5,4Split,Small,Tone,91.5 Hz,023,1500 Hz,High,Off,12.5 kHz,Off,
315,438.37500,431.37500,7.00 MHz,Minus,FM,7.0Split,Small,Tone,91.5 Hz,023,1500 Hz,High,Off,12.5 kHz,Off,
316,438.38750,433.38750,5.00 MHz,Minus,FM,5.0Split,Small,Tone,91.5 Hz,023,1500 Hz,High,Off,12.5 kHz,Off,
317,438.38750,431.38750,7.00 MHz,Minus,FM,7.0Split,Small,Tone,91.5 Hz,023,1500 Hz,High,Off,12.5 kHz,Off,
318,438.40000,433.40000,5.00 MHz,Minus,FM,5.0Split,Small,Tone,91.5 Hz,023,1500 Hz,High,Off,12.5 kHz,Off,
319,438.40000,431.40000,7.00 MHz,Minus,FM,7.0Split,Small,Tone,91.5 Hz,023,1500 Hz,High,Off,12.5 kHz,Off,
320,438.41250,433.41250,5.00 MHz,Minus,FM,5.0Split,Small,Tone,91.5 Hz,023,1500 Hz,High,Off,12.5 kHz,Off,
321,438.41250,431.41250,7.00 MHz,Minus,FM,7.0Split,Small,Tone,91.5 Hz,023,1500 Hz,High,Off,12.5 kHz,Off,
322,438.42500,433.42500,5.00 MHz,Minus,FM,5.0Split,Small,Tone,91.5 Hz,023,1500 Hz,High,Off,12.5 kHz,Off,
323,438.42500,431.42500,7.00 MHz,Minus,FM,7.0Split,Small,Tone,91.5 Hz,023,1500 Hz,High,Off,12.5 kHz,Off,
324,438.43750,433.43750,5.00 MHz,Minus,FM,5.0Split,Small,Tone,91.5 Hz,023,1500 Hz,High,Off,12.5 kHz,Off,
325,438.43750,431.43750,7.00 MHz,Minus,FM,7.0Split,Small,Tone,91.5 Hz,023,1500 Hz,High,Off,12.5 kHz,Off,
326,438.45000,433.45000,5.00 MHz,Minus,FM,5.0Split,Small,Tone,91.5 Hz,023,1500 Hz,High,Off,12.5 kHz,Off,
327,438.45000,431.45000,7.00 MHz,Minus,FM,7.0Split,Small,Tone,91.5 Hz,023,1500 Hz,High,Off,12.5 kHz,Off,
328,438.46250,433.46250,5.00 MHz,Minus,FM,5.0Split,Small,Tone,91.5 Hz,023,1500 Hz,High,Off,12.5 kHz,Off,
329,438.46250,431.46250,7.00 MHz,Minus,FM,7.0Split,Small,Tone,91.5 Hz,023,1500 Hz,High,Off,12.5 kHz,Off,
330,438.47500,433.47500,5.00 MHz,Minus,FM,5.0Split,Small,Tone,91.5 Hz,023,1500 Hz,High,Off,12.5 kHz,Off,
331,438.47500,431.47500,7.00 MHz,Minus,FM,7.0Split,Small,Tone,91.5 Hz,023,1500 Hz,High,Off,12.5 kHz,Off,
332,438.48750,433.48750,5.00 MHz,Minus,FM,5.0Split,Small,Tone,91.5 Hz,023,1500 Hz,High,Off,12.5 kHz,Off,
333,438.48750,431.48750,7.00 MHz,Minus,FM,7.0Split,Small,Tone,91.5 Hz,023,1500 Hz,High,Off,12.5 kHz,Off,
334,438.50000,433.50000,5.00 MHz,Minus,FM,5.0Split,Small,Tone,91.5 Hz,023,1500 Hz,High,Off,12.5 kHz,Off,
335,438.50000,431.50000,7.00 MHz,Minus,FM,7.0Split,Small,Tone,91.5 Hz,023,1500 Hz,High,Off,12.5 kHz,Off,
336,438.51250,433.51250,5.00 MHz,Minus,FM,5.0Split,Small,Tone,91.5 Hz,023,1500 Hz,High,Off,12.5 kHz,Off,
337,438.51250,431.51250,7.00 MHz,Minus,FM,7.0Split,Small,Tone,91.5 Hz,023,1500 Hz,High,Off,12.5 kHz,Off,
338,438.52500,433.52500,5.00 MHz,Minus,FM,5.0Split,Small,Tone,91.5 Hz,023,1500 Hz,High,Off,12.5 kHz,Off,
339,438.52500,431.52500,7.00 MHz,Minus,FM,7.0Split,Small,Tone,91.5 Hz,023,1500 Hz,High,Off,12.5 kHz,Off,
340,438.53750,433.53750,5.00 MHz,Minus,FM,5.0Split,Small,Tone,91.5 Hz,023,1500 Hz,High,Off,12.5 kHz,Off,
341,438.53750,431.53750,7.00 MHz,Minus,FM,7.0Split,Small,Tone,91.5 Hz,023,1500 Hz,High,Off,12.5 kHz,Off,
342,438.55000,433.55000,5.00 MHz,Minus,FM,5.0Split,Small,Tone,91.5 Hz,023,1500 Hz,High,Off,12.5 kHz,Off,
343,438.55000,431.55000,7.00 MHz,Minus,FM,7.0Split,Small,Tone,91.5 Hz,023,1500 Hz,High,Off,12.5 kHz,Off,
344,438.56250,433.56250,5.00 MHz,Minus,FM,5.0Split,Small,Tone,91.5 Hz,023,1500 Hz,High,Off,12.5 kHz,Off,
345,438.56250,431.56250,7.00 MHz,Minus,FM,7.0Split,Small,Tone,91.5 Hz,023,1500 Hz,High,Off,12.5 kHz,Off,
346,438.57500,433.57500,5.00 MHz,Minus,FM,5.0Split,Small,Tone,91.5 Hz,023,1500 Hz,High,Off,12.5 kHz,Off,
347,438.57500,431.57500,7.00 MHz,Minus,FM,7.0Split,Small,Tone,91.5 Hz,023,1500 Hz,High,Off,12.5 kHz,Off,
348,438.58750,433.58750,5.00 MHz,Minus,FM,5.0Split,Small,Tone,91.5 Hz,023,1500 Hz,High,Off,12.5 kHz,Off,
349,438.58750,431.58750,7.00 MHz,Minus,FM,7.0Split,Small,Tone,91.5 Hz,023,1500 Hz,High,Off,12.5 kHz,Off,
350,438.60000,433.60000,5.00 MHz,Minus,FM,5.0Split,Small,Tone,91.5 Hz,023,1500 Hz,High,Off,12.5 kHz,Off,
351,438.60000,431.60000,7.00 MHz,Minus,FM,7.0Split,Small,Tone,91.5 Hz,023,1500 Hz,High,Off,12.5 kHz,Off,
352,438.61250,433.61250,5.00 MHz,Minus,FM,5.0Split,Small,Tone,91.5 Hz,023,1500 Hz,High,Off,12.5 kHz,Off,
353,438.61250,431.61250,7.00 MHz,Minus,FM,7.0Split,Small,Tone,91.5 Hz,023,1500 Hz,High,Off,12.5 kHz,Off,
354,438.62500,433.62500,5.00 MHz,Minus,FM,5.0Split,Small,Tone,91.5 Hz,023,1500 Hz,High,Off,12.5 kHz,Off,
355,438.62500,431.62500,7.00 MHz,Minus,FM,7.0Split,Small,Tone,91.5 Hz,023,1500 Hz,High,Off,12.5 kHz,Off,
356,438.63750,433.63750,5.00 MHz,Minus,FM,5.0Split,Small,Tone,91.5 Hz,023,1500 Hz,High,Off,12.5 kHz,Off,
357,438.63750,431.63750,7.00 MHz,Minus,FM,7.0Split,Small,Tone,91.5 Hz,023,1500 Hz,High,Off,12.5 kHz,Off,
358,438.65000,433.65000,5.00 MHz,Minus,FM,5.0Split,Small,Tone,91.5 Hz,023,1500 Hz,High,Off,12.5 kHz,Off,
359,438.65000,431.65000,7.00 MHz,Minus,FM,7.0Split,Small,Tone,91.5 Hz,023,1500 Hz,High,Off,12.5 kHz,Off,
360,438.66250,433.66250,5.00 MHz,Minus,FM,5.0Split,Small,Tone,91.5 Hz,023,1500 Hz,High,Off,12.5 kHz,Off,
361,438.66250,431.66250,7.00 MHz,Minus,FM,7.0Split,Small,Tone,91.5 Hz,023,1500 Hz,High,Off,12.5 kHz,Off,
362,438.67500,433.67500,5.00 MHz,Minus,FM,5.0Split,Small,Tone,91.5 Hz,023,1500 Hz,High,Off,12.5 kHz,Off,
363,438.67500,431.67500,7.00 MHz,Minus,FM,7.0Split,Small,Tone,91.5 Hz,023,1500 Hz,High,Off,12.5 kHz,Off,
364,438.68750,433.68750,5.00 MHz,Minus,FM,5.0Split,Small,Tone,91.5 Hz,023,1500 Hz,High,Off,12.5 kHz,Off,
365,438.68750,431.68750,7.00 MHz,Minus,FM,7.0Split,Small,Tone,91.5 Hz,023,1500 Hz,High,Off,12.5 kHz,Off,
366,438.70000,433.70000,5.00 MHz,Minus,FM,5.0Split,Small,Tone,91.5 Hz,023,1500 Hz,High,Off,12.5 kHz,Off,
367,438.70000,431.70000,7.00 MHz,Minus,FM,7.0Split,Small,Tone,91.5 Hz,023,1500 Hz,High,Off,12.5 kHz,Off,
368,438.71250,433.71250,5.00 MHz,Minus,FM,5.0Split,Small,Tone,91.5 Hz,023,1500 Hz,High,Off,12.5 kHz,Off,
369,438.71250,431.71250,7.00 MHz,Minus,FM,7.0Split,Small,Tone,91.5 Hz,023,1500 Hz,High,Off,12.5 kHz,Off,
370,438.72500,433.72500,5.00 MHz,Minus,FM,5.0Split,Small,Tone,91.5 Hz,023,1500 Hz,High,Off,12.5 kHz,Off,
371,438.72500,431.72500,7.00 MHz,Minus,FM,7.0Split,Small,Tone,91.5 Hz,023,1500 Hz,High,Off,12.5 kHz,Off,
372,438.73750,433.73750,5.00 MHz,Minus,FM,5.0Split,Small,Tone,91.5 Hz,023,1500 Hz,High,Off,12.5 kHz,Off,
373,438.73750,431.73750,7.00 MHz,Minus,FM,7.0Split,Small,Tone,91.5 Hz,023,1500 Hz,High,Off,12.5 kHz,Off,
374,438.75000,433.75000,5.00 MHz,Minus,FM,5.0Split,Small,Tone,91.5 Hz,023,1500 Hz,High,Off,12.5 kHz,Off,
375,438.75000,431.75000,7.00 MHz,Minus,FM,7.0Split,Small,Tone,91.5 Hz,023,1500 Hz,High,Off,12.5 kHz,Off,
376,438.76250,433.76250,5.00 MHz,Minus,FM,5.0Split,Small,Tone,91.5 Hz,023,1500 Hz,High,Off,12.5 kHz,Off,
377,438.76250,431.76250,7.00 MHz,Minus,FM,7.0Split,Small,Tone,91.5 Hz,023,1500 Hz,High,Off,12.5 kHz,Off,
378,438.77500,433.77500,5.00 MHz,Minus,FM,5.0Split,Small,Tone,91.5 Hz,023,1500 Hz,High,Off,12.5 kHz,Off,
379,438.77500,431.77500,7.00 MHz,Minus,FM,7.0Split,Small,Tone,91.5 Hz,023,1500 Hz,High,Off,12.5 kHz,Off,
380,438.78750,433.78750,5.00 MHz,Minus,FM,5.0Split,Small,Tone,91.5 Hz,023,1500 Hz,High,Off,12.5 kHz,Off,
381,438.78750,431.78750,7.00 MHz,Minus,FM,7.0Split,Small,Tone,91.5 Hz,023,1500 Hz,High,Off,12.5 kHz,Off,
382,438.80000,433.80000,5.00 MHz,Minus,FM,5.0Split,Small,Tone,91.5 Hz,023,1500 Hz,High,Off,12.5 kHz,Off,
383,438.80000,431.80000,7.00 MHz,Minus,FM,7.0Split,Small,Tone,91.5 Hz,023,1500 Hz,High,Off,12.5 kHz,Off,
384,438.81250,433.81250,5.00 MHz,Minus,FM,5.0Split,Small,Tone,91.5 Hz,023,1500 Hz,High,Off,12.5 kHz,Off,
385,438.81250,431.81250,7.00 MHz,Minus,FM,7.0Split,Small,Tone,91.5 Hz,023,1500 Hz,High,Off,12.5 kHz,Off,
386,438.82500,433.82500,5.00 MHz,Minus,FM,5.0Split,Small,Tone,91.5 Hz,023,1500 Hz,High,Off,12.5 kHz,Off,
387,438.82500,431.82500,7.00 MHz,Minus,FM,7.0Split,Small,Tone,91.5 Hz,023,1500 Hz,High,Off,12.5 kHz,Off,
388,438.83750,433.83750,5.00 MHz,Minus,FM,5.0Split,Small,Tone,91.5 Hz,023,1500 Hz,High,Off,12.5 kHz,Off,
389,438.83750,431.83750,7.00 MHz,Minus,FM,7.0Split,Small,Tone,91.5 Hz,023,1500 Hz,High,Off,12.5 kHz,Off,
390,438.85000,433.85000,5.00 MHz,Minus,FM,5.0Split,Small,Tone,91.5 Hz,023,1500 Hz,High,Off,12.5 kHz,Off,
391,438.85000,431.85000,7.00 MHz,Minus,FM,7.0Split,Small,Tone,91.5 Hz,023,1500 Hz,High,Off,12.5 kHz,Off,
392,438.86250,433.86250,5.00 MHz,Minus,FM,5.0Split,Small,Tone,91.5 Hz,023,1500 Hz,High,Off,12.5 kHz,Off,
393,438.86250,431.86250,7.00 MHz,Minus,FM,7.0Split,Small,Tone,91.5 Hz,023,1500 Hz,High,Off,12.5 kHz,Off,
394,438.87500,433.87500,5.00 MHz,Minus,FM,5.0Split,Small,Tone,91.5 Hz,023,1500 Hz,High,Off,12.5 kHz,Off,
395,438.87500,431.87500,7.00 MHz,Minus,FM,7.0Split,Small,Tone,91.5 Hz,023,1500 Hz,High,Off,12.5 kHz,Off,
396,438.88750,433.88750,5.00 MHz,Minus,FM,5.0Split,Small,Tone,91.5 Hz,023,1500 Hz,High,Off,12.5 kHz,Off,
397,438.88750,431.88750,7.00 MHz,Minus,FM,7.0Split,Small,Tone,91.5 Hz,023,1500 Hz,High,Off,12.5 kHz,Off,
398,438.90000,433.90000,5.00 MHz,Minus,FM,5.0Split,Small,Tone,91.5 Hz,023,1500 Hz,High,Off,12.5 kHz,Off,
399,438.90000,431.90000,7.00 MHz,Minus,FM,7.0Split,Small,Tone,91.5 Hz,023,1500 Hz,High,Off,12.5 kHz,Off,
400,438.91250,433.91250,5.00 MHz,Minus,FM,5.0Split,Small,Tone,91.5 Hz,023,1500 Hz,High,Off,12.5 kHz,Off,
401,438.91250,431.91250,7.00 MHz,Minus,FM,7.0Split,Small,Tone,91.5 Hz,023,1500 Hz,High,Off,12.5 kHz,Off,
402,438.92500,433.92500,5.00 MHz,Minus,FM,5.0Split,Small,Tone,91.5 Hz,023,1500 Hz,High,Off,12.5 kHz,Off,
403,438.92500,431.92500,7.00 MHz,Minus,FM,7.0Split,Small,Tone,91.5 Hz,023,1500 Hz,High,Off,12.5 kHz,Off,
404,438.93750,433.93750,5.00 MHz,Minus,FM,5.0Split,Small,Tone,91.5 Hz,023,1500 Hz,High,Off,12.5 kHz,Off,
405,438.93750,431.93750,7.00 MHz,Minus,FM,7.0Split,Small,Tone,91.5 Hz,023,1500 Hz,High,Off,12.5 kHz,Off,
406,439.27500,434.27500,5.00 MHz,Minus,FM,5.0Split,Small,Tone,91.5 Hz,023,1500 Hz,High,Off,12.5 kHz,Off,
407,439.28750,434.28750,5.00 MHz,Minus,FM,5.0Split,Small,Tone,91.5 Hz,023,1500 Hz,High,Off,12.5 kHz,Off,
408,439.30000,434.30000,5.00 MHz,Minus,FM,5.0Split,Small,Tone,91.5 Hz,023,1500 Hz,High,Off,12.5 kHz,Off,
409,439.31250,434.31250,5.00 MHz,Minus,FM,5.0Split,Small,Tone,91.5 Hz,023,1500 Hz,High,Off,12.5 kHz,Off,
410,439.32500,434.32500,5.00 MHz,Minus,FM,5.0Split,Small,Tone,91.5 Hz,023,1500 Hz,High,Off,12.5 kHz,Off,
411,439.33750,434.33750,5.00 MHz,Minus,FM,5.0Split,Small,Tone,91.5 Hz,023,1500 Hz,High,Off,12.5 kHz,Off,
412,439.35000,434.35000,5.00 MHz,Minus,FM,5.0Split,Small,Tone,91.5 Hz,023,1500 Hz,High,Off,12.5 kHz,Off,
413,439.36250,434.36250,5.00 MHz,Minus,FM,5.0Split,Small,Tone,91.5 Hz,023,1500 Hz,High,Off,12.5 kHz,Off,
414,439.37500,434.37500,5.00 MHz,Minus,FM,5.0Split,Small,Tone,91.5 Hz,023,1500 Hz,High,Off,12.5 kHz,Off,
415,439.38750,434.38750,5.00 MHz,Minus,FM,5.0Split,Small,Tone,91.5 Hz,023,1500 Hz,High,Off,12.5 kHz,Off,
416,439.40000,434.40000,5.00 MHz,Minus,FM,5.0Split,Small,Tone,91.5 Hz,023,1500 Hz,High,Off,12.5 kHz,Off,
417,439.41250,434.41250,5.00 MHz,Minus,FM,5.0Split,Small,Tone,91.5 Hz,023,1500 Hz,High,Off,12.5 kHz,Off,
418,439.42500,434.42500,5.00 MHz,Minus,FM,5.0Split,Small,Tone,91.5 Hz,023,1500 Hz,High,Off,12.5 kHz,Off,
419,439.43750,434.43750,5.00 MHz,Minus,FM,5.0Split,Small,Tone,91.5 Hz,023,1500 Hz,High,Off,12.5 kHz,Off,
420,439.45000,434.45000,5.00 MHz,Minus,FM,5.0Split,Small,Tone,91.5 Hz,023,1500 Hz,High,Off,12.5 kHz,Off,
421,439.46250,434.46250,5.00 MHz,Minus,FM,5.0Split,Small,Tone,91.5 Hz,023,1500 Hz,High,Off,12.5 kHz,Off,
422,439.47500,434.47500,5.00 MHz,Minus,FM,5.0Split,Small,Tone,91.5 Hz,023,1500 Hz,High,Off,12.5 kHz,Off,
423,439.48750,434.48750,5.00 MHz,Minus,FM,5.0Split,Small,Tone,91.5 Hz,023,1500 Hz,High,Off,12.5 kHz,Off,
424,439.50000,434.50000,5.00 MHz,Minus,FM,5.0Split,Small,Tone,91.5 Hz,023,1500 Hz,High,Off,12.5 kHz,Off,
425,439.51250,434.51250,5.00 MHz,Minus,FM,5.0Split,Small,Tone,91.5 Hz,023,1500 Hz,High,Off,12.5 kHz,Off,
426,439.52500,434.52500,5.00 MHz,Minus,FM,5.0Split,Small,Tone,91.5 Hz,023,1500 Hz,High,Off,12.5 kHz,Off,
427,439.53750,434.53750,5.00 MHz,Minus,FM,5.0Split,Small,Tone,91.5 Hz,023,1500 Hz,High,Off,12.5 kHz,Off,
428,439.55000,434.55000,5.00 MHz,Minus,FM,5.0Split,Small,Tone,91.5 Hz,023,1500 Hz,High,Off,12.5 kHz,Off,
429,439.56250,434.56250,5.00 MHz,Minus,FM,5.0Split,Small,Tone,91.5 Hz,023,1500 Hz,High,Off,12.5 kHz,Off,
430,439.57500,434.57500,5.00 MHz,Minus,FM,5.0Split,Small,Tone,91.5 Hz,023,1500 Hz,High,Off,12.5 kHz,Off,
431,439.58750,434.58750,5.00 MHz,Minus,FM,5.0Split,Small,Tone,91.5 Hz,023,1500 Hz,High,Off,12.5 kHz,Off,
432,439.60000,434.60000,5.00 MHz,Minus,FM,5.0Split,Small,Tone,91.5 Hz,023,1500 Hz,High,Off,12.5 kHz,Off,
433,439.61250,434.61250,5.00 MHz,Minus,FM,5.0Split,Small,Tone,91.5 Hz,023,1500 Hz,High,Off,12.5 kHz,Off,
434,439.62500,434.62500,5.00 MHz,Minus,FM,5.0Split,Small,Tone,91.5 Hz,023,1500 Hz,High,Off,12.5 kHz,Off,
435,439.63750,434.63750,5.00 MHz,Minus,FM,5.0Split,Small,Tone,91.5 Hz,023,1500 Hz,High,Off,12.5 kHz,Off,
436,439.65000,434.65000,5.00 MHz,Minus,FM,5.0Split,Small,Tone,91.5 Hz,023,1500 Hz,High,Off,12.5 kHz,Off,
437,439.66250,434.66250,5.00 MHz,Minus,FM,5.0Split,Small,Tone,91.5 Hz,023,1500 Hz,High,Off,12.5 kHz,Off,
438,439.67500,434.67500,5.00 MHz,Minus,FM,5.0Split,Small,Tone,91.5 Hz,023,1500 Hz,High,Off,12.5 kHz,Off,
439,439.68750,434.68750,5.00 MHz,Minus,FM,5.0Split,Small,Tone,91.5 Hz,023,1500 Hz,High,Off,12.5 kHz,Off,
440,439.70000,434.70000,5.00 MHz,Minus,FM,5.0Split,Small,Tone,91.5 Hz,023,1500 Hz,High,Off,12.5 kHz,Off,
441,439.71250,434.71250,5.00 MHz,Minus,FM,5.0Split,Small,Tone,91.5 Hz,023,1500 Hz,High,Off,12.5 kHz,Off,
442,439.72500,434.72500,5.00 MHz,Minus,FM,5.0Split,Small,Tone,91.5 Hz,023,1500 Hz,High,Off,12.5 kHz,Off,
443,439.73750,434.73750,5.00 MHz,Minus,FM,5.0Split,Small,Tone,91.5 Hz,023,1500 Hz,High,Off,12.5 kHz,Off,
444,439.75000,434.75000,5.00 MHz,Minus,FM,5.0Split,Small,Tone,91.5 Hz,023,1500 Hz,High,Off,12.5 kHz,Off,
445,439.76250,434.76250,5.00 MHz,Minus,FM,5.0Split,Small,Tone,91.5 Hz,023,1500 Hz,High,Off,12.5 kHz,Off,
446,439.77500,434.77500,5.00 MHz,Minus,FM,5.0Split,Small,Tone,91.5 Hz,023,1500 Hz,High,Off,12.5 kHz,Off,
447,439.78750,434.78750,5.00 MHz,Minus,FM,5.0Split,Small,Tone,91.5 Hz,023,1500 Hz,High,Off,12.5 kHz,Off,
448,439.80000,434.80000,5.00 MHz,Minus,FM,5.0Split,Small,Tone,91.5 Hz,023,1500 Hz,High,Off,12.5 kHz,Off,
449,439.81250,434.81250,5.00 MHz,Minus,FM,5.0Split,Small,Tone,91.5 Hz,023,1500 Hz,High,Off,12.5 kHz,Off,
450,439.82500,434.82500,5.00 MHz,Minus,FM,5.0Split,Small,Tone,91.5 Hz,023,1500 Hz,High,Off,12.5 kHz,Off,
451,439.83750,434.83750,5.00 MHz,Minus,FM,5.0Split,Small,Tone,91.5 Hz,023,1500 Hz,High,Off,12.5 kHz,Off,
452,439.85000,434.85000,5.00 MHz,Minus,FM,5.0Split,Small,Tone,91.5 Hz,023,1500 Hz,High,Off,12.5 kHz,Off,
453,439.86250,434.86250,5.00 MHz,Minus,FM,5.0Split,Small,Tone,91.5 Hz,023,1500 Hz,High,Off,12.5 kHz,Off,
454,439.87500,434.87500,5.00 MHz,Minus,FM,5.0Split,Small,Tone,91.5 Hz,023,1500 Hz,High,Off,12.5 kHz,Off,
455,439.88750,434.88750,5.00 MHz,Minus,FM,5.0Split,Small,Tone,91.5 Hz,023,1500 Hz,High,Off,12.5 kHz,Off,
456,439.90000,434.90000,5.00 MHz,Minus,FM,5.0Split,Small,Tone,91.5 Hz,023,1500 Hz,High,Off,12.5 kHz,Off,
457,439.91250,434.91250,5.00 MHz,Minus,FM,5.0Split,Small,Tone,91.5 Hz,023,1500 Hz,High,Off,12.5 kHz,Off,
458,439.92500,434.92500,5.00 MHz,Minus,FM,5.0Split,Small,Tone,91.5 Hz,023,1500 Hz,High,Off,12.5 kHz,Off,
459,439.93750,434.93750,5.00 MHz,Minus,FM,5.0Split,Small,Tone,91.5 Hz,023,1500 Hz,High,Off,12.5 kHz,Off,
460,439.95000,434.95000,5.00 MHz,Minus,FM,5.0Split,Small,Tone,91.5 Hz,023,1500 Hz,High,Off,12.5 kHz,Off,
461,439.96250,434.96250,5.00 MHz,Minus,FM,5.0Split,Small,Tone,91.5 Hz,023,1500 Hz,High,Off,12.5 kHz,Off,
462,439.97500,434.97500,5.00 MHz,Minus,FM,5.0Split,Small,Tone,91.5 Hz,023,1500 Hz,High,Off,12.5 kHz,Off,
463,439.98750,434.98750,5.00 MHz,Minus,FM,5.0Split,Small,Tone,91.5 Hz,023,1500 Hz,High,Off,12.5 kHz,Off,
464,438.82500,431.82500,7.00 MHz,Minus,FM,7.0Split,Small,Tone,91.5 Hz,023,1500 Hz,High,Off,12.5 kHz,Off,
465,438.83750,431.83750,7.00 MHz,Minus,FM,7.0Split,Small,Tone,91.5 Hz,023,1500 Hz,High,Off,12.5 kHz,Off,
466,438.85000,431.85000,7.00 MHz,Minus,FM,7.0Split,Small,Tone,91.5 Hz,023,1500 Hz,High,Off,12.5 kHz,Off,
467,438.86250,431.86250,7.00 MHz,Minus,FM,7.0Split,Small,Tone,91.5 Hz,023,1500 Hz,High,Off,12.5 kHz,Off,
468,438.87500,431.87500,7.00 MHz,Minus,FM,7.0Split,Small,Tone,91.5 Hz,023,1500 Hz,High,Off,12.5 kHz,Off,
469,438.88750,431.88750,7.00 MHz,Minus,FM,7.0Split,Small,Tone,91.5 Hz,023,1500 Hz,High,Off,12.5 kHz,Off,
470,438.90000,431.90000,7.00 MHz,Minus,FM,7.0Split,Small,Tone,91.5 Hz,023,1500 Hz,High,Off,12.5 kHz,Off,
471,438.91250,431.91250,7.00 MHz,Minus,FM,7.0Split,Small,Tone,91.5 Hz,023,1500 Hz,High,Off,12.5 kHz,Off,
472,438.92500,431.92500,7.00 MHz,Minus,FM,7.0Split,Small,Tone,91.5 Hz,023,1500 Hz,High,Off,12.5 kHz,Off,
473,438.93750,431.93750,7.00 MHz,Minus,FM,7.0Split,Small,Tone,91.5 Hz,023,1500 Hz,High,Off,12.5 kHz,Off,
498,146.50000,146.50000, ,Simplex,FM,CALL 2,Large,None,91.5 Hz,023,1500 Hz,High,Select,5 kHz,Off,
499,439.00000,439.00000, ,Simplex,FM,CALL 70,Large,None,91.5 Hz,023,1500 Hz,High,Select,5 kHz,Off,
500,145.17500,145.17500, ,Simplex,FM,APRS,Large,None,91.5 Hz,023,1500 Hz,High,Off,5 kHz,Off,
